tsr,cp,cd,u_infty,dsflag,nti,nbelem,nrevs
1.1,0.00798532125,0.25888475,1.0,2.0,32.0,16.0,6.0
1.6,0.020342995000000003,0.324364275,1.0,2.0,32.0,16.0,6.0
2.1,0.06710269,0.43407315,1.0,2.0,32.0,16.0,6.0
2.6,0.15578704999999998,0.5720495,1.0,2.0,32.0,16.0,6.0
3.1,0.2255376000000001,0.714317125,1.0,2.0,32.0,16.0,6.0
3.6,0.264806275,0.8309738000000001,1.0,2.0,32.0,16.0,6.0
4.1,0.29236880000000004,0.9138701,1.0,2.0,32.0,16.0,6.0
4.6,0.229555575,0.9756100749999999,1.0,2.0,32.0,16.0,6.0
