tsr,cp,cd,u_infty,dsflag,nti,nbelem,nrevs
1.1,-0.00256117825,0.217333125,1.0,1.0,24.0,16.0,6.0
1.6,-0.006008111,0.26939525000000003,1.0,1.0,24.0,16.0,6.0
2.1,0.0026535299999999994,0.332736275,1.0,1.0,24.0,16.0,6.0
2.6,0.13251652499999994,0.492307575,1.0,1.0,24.0,16.0,6.0
3.1,0.269077,0.679455175,1.0,1.0,24.0,16.0,6.0
3.6,0.2986255,0.8140601500000001,1.0,1.0,24.0,16.0,6.0
4.1,0.27730170000000004,0.9004017750000001,1.0,1.0,24.0,16.0,6.0
4.6,0.235855775,0.9709897,1.0,1.0,24.0,16.0,6.0
