tsr,cp,cd,u_infty,dsflag,nti,nbelem,nrevs
1.1,0.0103356975,0.2457941250000001,1.0,2.0,24.0,16.0,6.0
1.6,0.024720225,0.324444425,1.0,2.0,24.0,16.0,6.0
2.1,0.07259610999999999,0.439358025,1.0,2.0,24.0,16.0,6.0
2.6,0.16192525,0.57580005,1.0,2.0,24.0,16.0,6.0
3.1,0.233839,0.721291225,1.0,2.0,24.0,16.0,6.0
3.6,0.275999475,0.84146985,1.0,2.0,24.0,16.0,6.0
4.1,0.30703695,0.926460525,1.0,2.0,24.0,16.0,6.0
4.6,0.24337265,0.992367125,1.0,2.0,24.0,16.0,6.0
